2013-01-02,1240.7107
2013-01-03,1241.0322
2013-01-04,1241.3622
2013-01-05,1241.3622
2013-01-06,1241.3622
2013-01-07,1242.2402
2013-01-08,1242.5403
2013-01-09,1240.71
2013-01-10,1241.0075
2013-01-11,1241.3077
2013-01-12,1241.3077
2013-01-13,1241.3077
2013-01-14,1242.2184
2013-01-15,1242.5672
2013-01-16,1240.7101
2013-01-17,1241.0093
2013-01-18,1241.2885
2013-01-19,1241.2885
2013-01-20,1241.2885
2013-01-21,1242.1401
2013-01-22,1242.4401
2013-01-23,1240.71
2013-01-24,1240.9912
2013-01-25,1240.9912
2013-01-26,1240.9912
2013-01-27,1240.9912
2013-01-28,1242.1321
2013-01-29,1242.4857
2013-01-30,1240.71
2013-01-31,1240.8728
2013-02-01,1241.1039
2013-02-02,1241.1039
2013-02-03,1241.1039
2013-02-04,1241.876
2013-02-05,1242.0966
2013-02-06,1240.71
2013-02-07,1240.9787
2013-02-08,1241.2983
2013-02-09,1241.2983
2013-02-10,1241.2983
2013-02-11,1242.1548
2013-02-12,1242.4202
2013-02-13,1240.71
2013-02-14,1240.8556
2013-02-15,1241.0687
2013-02-16,1241.0687
2013-02-17,1241.0687
2013-02-18,1241.9885
2013-02-19,1241.9885
2013-02-20,1240.71
2013-02-21,1241.0023
2013-02-22,1241.3172
2013-02-23,1241.3172
2013-02-24,1241.3172
2013-02-25,1242.1969
2013-02-26,1242.4429
2013-02-27,1240.7101
2013-02-28,1240.9801
2013-03-01,1241.2872
2013-03-02,1241.2872
2013-03-03,1241.2872
2013-03-04,1242.185
2013-03-05,1242.5202
2013-03-06,1240.71
2013-03-07,1241.0513
2013-03-08,1241.3365
2013-03-09,1241.3365
2013-03-10,1241.3365
2013-03-11,1242.2339
2013-03-12,1242.5633
2013-03-13,1240.71
2013-03-14,1241.2595
2013-03-15,1241.5597
2013-03-16,1241.5597
2013-03-17,1241.5597
2013-03-18,1242.4918
2013-03-19,1242.832
2013-03-20,1240.71
2013-03-21,1241.12
2013-03-22,1241.5037
2013-03-23,1241.5037
2013-03-24,1241.5037
2013-03-25,1242.3239
2013-03-26,1240.71
2013-03-27,1240.71
2013-03-28,1241.4691
2013-03-29,1241.4691
2013-03-30,1241.4691
2013-03-31,1241.4691
2013-04-01,1241.4691
2013-04-02,1244.5525
2013-04-03,1240.71
2013-04-04,1241.304
2013-04-05,1241.5
2013-04-06,1241.5
2013-04-07,1241.5
2013-04-08,1242.2813
2013-04-09,1242.4993
2013-04-10,1240.7101
2013-04-11,1240.7101
2013-04-12,1241.4591
2013-04-13,1241.4591
2013-04-14,1241.4591
2013-04-15,1242.4509
2013-04-16,1242.8764
2013-04-17,1240.71
2013-04-18,1241.2134
2013-04-19,1241.2134
2013-04-20,1241.2134
2013-04-21,1241.2134
2013-04-22,1242.2645
2013-04-23,1242.63
2013-04-24,1242.63
2013-04-25,1240.71
2013-04-26,1241.0581
2013-04-27,1241.0581
2013-04-28,1241.0581
2013-04-29,1241.97
2013-04-30,1242.2199
2013-05-01,1242.2199
2013-05-02,1240.71
2013-05-03,1240.8278
2013-05-04,1240.8278
2013-05-05,1240.8278
2013-05-06,1241.7652
2013-05-07,1242.0406
2013-05-08,1240.71
2013-05-09,1241.2138
2013-05-10,1241.4845
2013-05-11,1241.4845
2013-05-12,1241.4845
2013-05-13,1242.2452
2013-05-14,1242.5566
2013-05-15,1240.71
2013-05-16,1241.0634
2013-05-17,1241.5134
2013-05-18,1241.5134
2013-05-19,1241.5134
2013-05-20,1242.2936
2013-05-21,1242.648
2013-05-22,1240.71
2013-05-23,1240.8069
2013-05-24,1241.0768
2013-05-25,1241.0768
2013-05-26,1241.0768
2013-05-27,1241.8593
2013-05-28,1242.0903
2013-05-29,1240.71
2013-05-30,1240.9518
2013-05-31,1241.2061
2013-06-01,1241.2061
2013-06-02,1241.2061
2013-06-03,1242.0101
2013-06-04,1242.3256
2013-06-05,1240.71
2013-06-06,1241.0161
2013-06-07,1241.2989
2013-06-08,1241.2989
2013-06-09,1241.2989
2013-06-10,1242.0424
2013-06-11,1242.2701
2013-06-12,1240.71
2013-06-13,1240.9676
2013-06-14,1241.2409
2013-06-15,1241.2409
2013-06-16,1241.2409
2013-06-17,1242.1383
2013-06-18,1242.6856
2013-06-19,1240.71
2013-06-20,1240.6468
2013-06-21,1240.9759
2013-06-22,1240.9759
2013-06-23,1240.9759
2013-06-24,1241.6699
2013-06-25,1241.9064
2013-06-26,1240.71
2013-06-27,1241.0318
2013-06-28,1242.0241
2013-06-29,1242.0241
2013-06-30,1242.0241
2013-07-01,1242.0241
2013-07-02,1243.0418
2013-07-03,1240.71
2013-07-04,1241.3801
2013-07-05,1241.6717
2013-07-06,1241.6717
2013-07-07,1241.6717
2013-07-08,1242.333
2013-07-09,1242.5512
2013-07-10,1240.71
2013-07-11,1240.8665
2013-07-12,1241.0878
2013-07-13,1241.0878
2013-07-14,1241.0878
2013-07-15,1241.8387
2013-07-16,1234.0462
2013-07-17,1235.1632
2013-07-18,1237.248
2013-07-19,1237.42
2013-07-20,1237.42
2013-07-21,1237.42
2013-07-22,1238.0004
2013-07-23,1236.6059
2013-07-24,1234.076
2013-07-25,1234.8269
2013-07-26,1235.6857
2013-07-27,1235.6857
2013-07-28,1235.6857
2013-07-29,1236.9494
2013-07-30,1237.446
2013-07-31,1237.7943
2013-08-01,1238.3304
2013-08-02,1238.8636
2013-08-03,1238.8636
2013-08-04,1238.8636
2013-08-05,1240.0168
2013-08-06,1240.1409
2013-08-07,1240.5071
2013-08-08,1240.8341
2013-08-09,1240.8341
2013-08-10,1240.8341
2013-08-11,1240.8341
2013-08-12,1241.6055
2013-08-13,1241.7512
2013-08-14,1240.71
2013-08-15,1240.71
2013-08-16,1240.8619
2013-08-17,1240.8619
2013-08-18,1240.8619
2013-08-19,1241.2831
2013-08-20,1241.0722
2013-08-21,1240.71
2013-08-22,1240.748
2013-08-23,1241.2326
2013-08-24,1241.2326
2013-08-25,1241.2326
2013-08-26,1242.201
2013-08-27,1242.2514
2013-08-28,1240.7101
2013-08-29,1241.0238
2013-08-30,1241.5374
2013-08-31,1241.5374
2013-09-01,1241.5374
2013-09-02,1242.798
2013-09-03,1243.6225
2013-09-04,1240.71
2013-09-05,1243.2883
2013-09-06,1243.0214
2013-09-07,1243.0214
2013-09-08,1243.0214
2013-09-09,1243.0214
2013-09-10,1244.5377
2013-09-11,1240.71
2013-09-12,1241.072
2013-09-13,1241.0592
2013-09-14,1241.0592
2013-09-15,1241.0592
2013-09-16,1242.146
2013-09-17,1242.5934
2013-09-18,1240.71
2013-09-19,1242.8854
2013-09-20,1243.6271
2013-09-21,1243.6271
2013-09-22,1243.6271
2013-09-23,1244.254
2013-09-24,1244.6577
2013-09-25,1240.71
2013-09-26,1241.0923
2013-09-27,1241.5106
2013-09-28,1241.5106
2013-09-29,1241.5106
2013-09-30,1242.7398
2013-10-01,1243.233
2013-10-02,1243.233
2013-10-03,1240.71
2013-10-04,1241.2825
2013-10-05,1241.2825
2013-10-06,1241.2825
2013-10-07,1242.5326
2013-10-08,1244.6739
2013-10-09,1240.71
2013-10-10,1240.9762
2013-10-11,1241.1556
2013-10-12,1241.1556
2013-10-13,1241.1556
2013-10-14,1242.0814
2013-10-15,1242.1539
2013-10-16,1242.1539
2013-10-17,1240.71
2013-10-18,1241.0234
2013-10-19,1241.0234
2013-10-20,1241.0234
2013-10-21,1242.1807
2013-10-22,1242.5006
2013-10-23,1240.71
2013-10-24,1240.9717
2013-10-25,1241.3463
2013-10-26,1241.3463
2013-10-27,1241.3463
2013-10-28,1242.2509
2013-10-29,1243.176
2013-10-30,1240.71
2013-10-31,1241.1733
2013-11-01,1241.3409
2013-11-02,1241.3409
2013-11-03,1241.3409
2013-11-04,1241.3409
2013-11-05,1242.3987
2013-11-06,1240.71
2013-11-07,1240.261
2013-11-08,1240.4921
2013-11-09,1240.4921
2013-11-10,1240.4921
2013-11-11,1241.1344
2013-11-12,1240.8059
2013-11-13,1240.71
2013-11-14,1240.3633
2013-11-15,1240.3633
2013-11-16,1240.3633
2013-11-17,1240.3633
2013-11-18,1241.5707
2013-11-19,1242.4542
2013-11-20,1240.71
2013-11-21,1240.6787
2013-11-22,1240.9723
2013-11-23,1240.9723
2013-11-24,1240.9723
2013-11-25,1242.1284
2013-11-26,1242.6481
2013-11-27,1240.71
2013-11-28,1241.0782
2013-11-29,1241.4281
2013-11-30,1241.4281
2013-12-01,1241.4281
2013-12-02,1242.4991
2013-12-03,1242.9502
2013-12-04,1240.71
2013-12-05,1241.532
2013-12-06,1241.7281
2013-12-07,1241.7281
2013-12-08,1241.7281
2013-12-09,1242.0698
2013-12-10,1242.414
2013-12-11,1240.71
2013-12-12,1241.6737
2013-12-13,1241.2043
2013-12-14,1241.2043
2013-12-15,1241.2043
2013-12-16,1242.2108
2013-12-17,1242.4635
2013-12-18,1240.71
2013-12-19,1241.0923
2013-12-20,1241.4586
2013-12-21,1241.4586
2013-12-22,1241.4586
2013-12-23,1242.22
2013-12-24,1242.534
2013-12-25,1242.534
2013-12-26,1240.7101
2013-12-27,1240.9031
2013-12-28,1240.9031
2013-12-29,1240.9031
2013-12-30,1241.5891
2013-12-31,1242.1539
2014-01-01,1240.71
2014-01-02,1241.059
2014-01-03,1241.4075
2014-01-04,1241.4075
2014-01-05,1241.4075
2014-01-06,1242.2973
2014-01-07,1242.3895
2014-01-08,1240.71
2014-01-09,1240.7162
2014-01-10,1241.1443
2014-01-11,1241.1443
2014-01-12,1241.1443
2014-01-13,1242.0278
2014-01-14,1242.0278
2014-01-15,1240.71
2014-01-16,1241.015
2014-01-17,1241.2201
2014-01-18,1241.2201
2014-01-19,1241.2201
2014-01-20,1242.1022
2014-01-21,1242.7796
2014-01-22,1240.71
2014-01-23,1241.0628
2014-01-24,1241.3391
2014-01-25,1241.3391
2014-01-26,1241.3391
2014-01-27,1242.04
2014-01-28,1241.7882
2014-01-29,1240.71
2014-01-30,1240.6294
2014-01-31,1240.7501
2014-02-01,1240.7501
2014-02-02,1240.7501
2014-02-03,1241.634
2014-02-04,1242.1303
2014-02-05,1240.71
2014-02-06,1241.3082
2014-02-07,1241.4091
2014-02-08,1241.4091
2014-02-09,1241.4091
2014-02-10,1242.2294
2014-02-11,1242.3975
2014-02-12,1240.71
2014-02-13,1240.6924
2014-02-14,1240.9358
2014-02-15,1240.9358
2014-02-16,1240.9358
2014-02-17,1241.772
2014-02-18,1242.2022
2014-02-19,1242.2022
2014-02-20,1240.71
2014-02-21,1240.9895
2014-02-22,1240.9895
2014-02-23,1240.9895
2014-02-24,1241.7898
2014-02-25,1242.1369
2014-02-26,1240.71
2014-02-27,1240.71
2014-02-28,1241.3025
2014-03-01,1241.3025
2014-03-02,1241.3025
2014-03-03,1241.9543
2014-03-04,1241.8472
2014-03-05,1240.71
2014-03-06,1240.9498
2014-03-07,1241.6553
2014-03-08,1241.6553
2014-03-09,1241.6553
2014-03-10,1242.77
2014-03-11,1243.3843
2014-03-12,1240.71
2014-03-13,1241.0571
2014-03-14,1241.474
2014-03-15,1241.474
2014-03-16,1241.474
2014-03-17,1241.474
2014-03-18,1242.8849
2014-03-19,1240.71
2014-03-20,1241.2647
2014-03-21,1241.9381
2014-03-22,1241.9381
2014-03-23,1241.9381
2014-03-24,1243.0849
2014-03-25,1243.3004
2014-03-26,1240.71
2014-03-27,1241.0989
2014-03-28,1241.9906
2014-03-29,1241.9906
2014-03-30,1241.9906
2014-03-31,1241.9906
2014-04-01,1241.9906
2014-04-02,1240.71
2014-04-03,1241.0058
2014-04-04,1241.4123
2014-04-05,1241.4123
2014-04-06,1241.4123
2014-04-07,1242.3648
2014-04-08,1242.3648
2014-04-09,1240.71
2014-04-10,1240.9617
2014-04-11,1241.2903
2014-04-12,1241.2903
2014-04-13,1241.2903
2014-04-14,1241.2903
2014-04-15,1242.4362
2014-04-16,1240.71
2014-04-17,1241.1472
2014-04-18,1241.1472
2014-04-19,1241.1472
2014-04-20,1241.1472
2014-04-21,1242.2017
2014-04-22,1242.4271
2014-04-23,1240.71
2014-04-24,1240.71
2014-04-25,1241.3152
2014-04-26,1241.3152
2014-04-27,1241.3152
2014-04-28,1242.1576
2014-04-29,1242.4304
2014-04-30,1240.71
2014-05-01,1240.71
2014-05-02,1241.3358
2014-05-03,1241.3358
2014-05-04,1241.3358
2014-05-05,1242.2512
2014-05-06,1242.5805
2014-05-07,1240.71
2014-05-08,1241.1006
2014-05-09,1241.395
2014-05-10,1241.395
2014-05-11,1241.395
2014-05-12,1242.3227
2014-05-13,1242.618
2014-05-14,1242.618
2014-05-15,1240.71
2014-05-16,1241.1084
2014-05-17,1241.1084
2014-05-18,1241.1084
2014-05-19,1242.0028
2014-05-20,1242.4521
2014-05-21,1240.71
2014-05-22,1241.1488
2014-05-23,1241.6179
2014-05-24,1241.6179
2014-05-25,1241.6179
2014-05-26,1242.4646
2014-05-27,1242.6918
2014-05-28,1240.71
2014-05-29,1241.0385
2014-05-30,1241.5668
2014-05-31,1241.5668
2014-06-01,1241.5668
2014-06-02,1242.3814
2014-06-03,1242.9122
2014-06-04,1240.71
2014-06-05,1241.1231
2014-06-06,1241.4663
2014-06-07,1241.4663
2014-06-08,1241.4663
2014-06-09,1242.1951
2014-06-10,1242.3793
2014-06-11,1240.71
2014-06-12,1241.083
2014-06-13,1241.3096
2014-06-14,1241.3096
2014-06-15,1241.3096
2014-06-16,1242.0229
2014-06-17,1242.3321
2014-06-18,1240.71
2014-06-19,1241.0406
2014-06-20,1241.3178
2014-06-21,1241.3178
2014-06-22,1241.3178
2014-06-23,1242.0734
2014-06-24,1242.3564
2014-06-25,1240.71
2014-06-26,1241.075
2014-06-27,1241.4869
2014-06-28,1241.4869
2014-06-29,1241.4869
2014-06-30,1242.4563
2014-07-01,1242.4563
2014-07-02,1240.71
2014-07-03,1241.1753
2014-07-04,1241.5165
2014-07-05,1241.5165
2014-07-06,1241.5165
2014-07-07,1242.3715
2014-07-08,1242.5288
2014-07-09,1240.71
2014-07-10,1240.8627
2014-07-11,1240.3806
2014-07-12,1240.3806
2014-07-13,1240.3806
2014-07-14,1241.096
2014-07-15,1241.5764
2014-07-16,1240.71
2014-07-17,1241.1543
2014-07-18,1241.4727
2014-07-19,1241.4727
2014-07-20,1241.4727
2014-07-21,1242.2981
2014-07-22,1242.6271
2014-07-23,1240.71
2014-07-24,1240.8245
2014-07-25,1241.1164
2014-07-26,1241.1164
2014-07-27,1241.1164
2014-07-28,1241.9218
2014-07-29,1241.9218
2014-07-30,1240.71
2014-07-31,1240.9509
2014-08-01,1241.1532
2014-08-02,1241.1532
2014-08-03,1241.1532
2014-08-04,1242.1475
2014-08-05,1242.464
2014-08-06,1240.71
2014-08-07,1240.9098
2014-08-08,1241.1427
2014-08-09,1241.1427
2014-08-10,1241.1427
2014-08-11,1242.0199
2014-08-12,1242.3696
2014-08-13,1240.71
2014-08-14,1240.9562
2014-08-15,1240.9562
2014-08-16,1240.9562
2014-08-17,1240.9562
2014-08-18,1240.9562
2014-08-19,1242.4611
2014-08-20,1240.71
2014-08-21,1241.0435
2014-08-22,1241.4531
2014-08-23,1241.4531
2014-08-24,1241.4531
2014-08-25,1242.4225
2014-08-26,1242.8271
2014-08-27,1240.71
2014-08-28,1240.8856
2014-08-29,1240.8856
2014-08-30,1240.8856
2014-08-31,1240.8856
2014-09-01,1242.038
2014-09-02,1242.3396
2014-09-03,1240.71
2014-09-04,1240.986
2014-09-05,1241.3013
2014-09-06,1241.3013
2014-09-07,1241.3013
2014-09-08,1242.153
2014-09-09,1242.4304
2014-09-10,1240.71
2014-09-11,1240.978
2014-09-12,1241.2856
2014-09-13,1241.2856
2014-09-14,1241.2856
2014-09-15,1242.1724
2014-09-16,1242.4958
2014-09-17,1240.71
2014-09-18,1241.1132
2014-09-19,1241.4174
2014-09-20,1241.4174
2014-09-21,1241.4174
2014-09-22,1242.329
2014-09-23,1242.6249
2014-09-24,1240.71
2014-09-25,1241.0114
2014-09-26,1241.3436
2014-09-27,1241.3436
2014-09-28,1241.3436
2014-09-29,1242.3303
2014-09-30,1242.8263
2014-10-01,1240.71
2014-10-02,1240.71
2014-10-03,1240.71
2014-10-04,1240.71
2014-10-05,1240.71
2014-10-06,1240.71
2014-10-07,1242.6823
2014-10-08,1240.71
2014-10-09,1241.0487
2014-10-10,1241.3899
2014-10-11,1241.3899
2014-10-12,1241.3899
2014-10-13,1242.3101
2014-10-14,1242.7046
2014-10-15,1242.7046
2014-10-16,1240.71
2014-10-17,1241.1411
2014-10-18,1241.1411
2014-10-19,1241.1411
2014-10-20,1242.0745
2014-10-21,1242.4517
2014-10-22,1240.71
2014-10-23,1240.71
2014-10-24,1240.71
2014-10-25,1240.71
2014-10-26,1240.71
2014-10-27,1242.193
2014-10-28,1242.5314
2014-10-29,1240.71
2014-10-30,1241.0182
2014-10-31,1241.4596
2014-11-01,1241.4596
2014-11-02,1241.4596
2014-11-03,1242.6393
2014-11-04,1242.6393
2014-11-05,1240.71
2014-11-06,1240.71
2014-11-07,1241.4638
2014-11-08,1241.4638
2014-11-09,1241.4638
2014-11-10,1242.5074
2014-11-11,1242.9522
2014-11-12,1240.71
2014-11-13,1241.0302
2014-11-14,1241.1846
2014-11-15,1241.1846
2014-11-16,1241.1846
2014-11-17,1242.1231
2014-11-18,1242.4056
2014-11-19,1240.71
2014-11-20,1241.1173
2014-11-21,1241.4335
2014-11-22,1241.4335
2014-11-23,1241.4335
2014-11-24,1242.1324
2014-11-25,1242.5056
2014-11-26,1240.71
2014-11-27,1241.0036
2014-11-28,1241.3074
2014-11-29,1241.3074
2014-11-30,1241.3074
2014-12-01,1242.2738
2014-12-02,1242.8647
2014-12-03,1240.71
2014-12-04,1241.1582
2014-12-05,1241.3779
2014-12-06,1241.3779
2014-12-07,1241.3779
2014-12-08,1242.258
2014-12-09,1242.6209
2014-12-10,1240.71
2014-12-11,1241.0233
2014-12-12,1241.2688
2014-12-13,1241.2688
2014-12-14,1241.2688
2014-12-15,1242.0804
2014-12-16,1241.9858
2014-12-17,1240.71
2014-12-18,1240.9504
2014-12-19,1241.0317
2014-12-20,1241.0317
2014-12-21,1241.0317
2014-12-22,1241.7971
2014-12-23,1242.0193
2014-12-24,1240.71
2014-12-25,1240.71
2014-12-26,1241.203
2014-12-27,1241.203
2014-12-28,1241.203
2014-12-29,1242.0353
2014-12-30,1242.3107
2014-12-31,1240.71
2015-01-01,1241.2642
2015-01-02,1241.6087
2015-01-03,1241.6087
2015-01-04,1241.6087
2015-01-05,1242.4185
2015-01-06,1242.6264
2015-01-07,1240.71
2015-01-08,1240.9751
2015-01-09,1241.3015
2015-01-10,1241.3015
2015-01-11,1241.3015
2015-01-12,1242.1496
2015-01-13,1242.4868
2015-01-14,1240.71
2015-01-15,1241.5142
2015-01-16,1241.7612
2015-01-17,1241.7612
2015-01-18,1241.7612
2015-01-19,1242.5464
2015-01-20,1242.7845
2015-01-21,1240.71
2015-01-22,1241.0473
2015-01-23,1241.3022
2015-01-24,1241.3022
2015-01-25,1241.3022
2015-01-26,1241.3022
2015-01-27,1242.417
2015-01-28,1240.71
2015-01-29,1240.9994
2015-01-30,1241.2504
2015-01-31,1241.2504
2015-02-01,1241.2504
2015-02-02,1242.0091
2015-02-03,1242.2307
2015-02-04,1240.71
2015-02-05,1241.011
2015-02-06,1241.1706
2015-02-07,1241.1706
2015-02-08,1241.1706
2015-02-09,1241.782
2015-02-10,1242.0316
2015-02-11,1240.71
2015-02-12,1240.688
2015-02-13,1241.0175
2015-02-14,1241.0175
2015-02-15,1241.0175
2015-02-16,1241.8678
2015-02-17,1241.8678
2015-02-18,1240.71
2015-02-19,1240.71
2015-02-20,1241.3438
2015-02-21,1241.3438
2015-02-22,1241.3438
2015-02-23,1242.3954
2015-02-24,1242.7328
2015-02-25,1240.71
2015-02-26,1241.0356
2015-02-27,1241.3046
2015-02-28,1241.3046
2015-03-01,1241.3046
2015-03-02,1242.1671
2015-03-03,1242.4451
2015-03-04,1240.71
2015-03-05,1241.0643
2015-03-06,1241.0643
2015-03-07,1241.0643
2015-03-08,1241.0643
2015-03-09,1242.1687
2015-03-10,1242.1347
2015-03-11,1240.71
2015-03-12,1240.9646
2015-03-13,1241.2744
2015-03-14,1241.2744
2015-03-15,1241.2744
2015-03-16,1242.2155
2015-03-17,1242.4754
2015-03-18,1240.71
2015-03-19,1240.9897
2015-03-20,1241.2654
2015-03-21,1241.2654
2015-03-22,1241.2654
2015-03-23,1242.088
2015-03-24,1242.2432
2015-03-25,1240.71
2015-03-26,1240.9869
2015-03-27,1241.5658
2015-03-28,1241.5658
2015-03-29,1241.5658
2015-03-30,1242.5122
2015-03-31,1245.3283
2015-04-01,1245.3283
2015-04-02,1245.3283
2015-04-03,1245.3283
2015-04-04,1245.3283
2015-04-05,1245.3283
2015-04-06,1240.71
2015-04-07,1240.7303
2015-04-08,1240.71
2015-04-09,1241.1079
2015-04-10,1241.4252
2015-04-11,1241.4252
2015-04-12,1241.4252
2015-04-13,1242.2436
2015-04-14,1242.2436
2015-04-15,1240.71
2015-04-16,1240.9119
2015-04-17,1241.2926
2015-04-18,1241.2926
2015-04-19,1241.2926
2015-04-20,1241.9455
2015-04-21,1242.1515
2015-04-22,1240.71
2015-04-23,1241.0125
2015-04-24,1241.2692
2015-04-25,1241.2692
2015-04-26,1241.2692
2015-04-27,1242.0743
2015-04-28,1242.2312
2015-04-29,1240.71
2015-04-30,1240.7077
2015-05-01,1240.7077
2015-05-02,1240.7077
2015-05-03,1240.7077
2015-05-04,1240.7077
2015-05-05,1241.874
2015-05-06,1240.71
2015-05-07,1240.8322
2015-05-08,1241.0694
2015-05-09,1241.0694
2015-05-10,1241.0694
2015-05-11,1242.0371
2015-05-12,1242.3581
2015-05-13,1240.71
2015-05-14,1241.1493
2015-05-15,1241.5347
2015-05-16,1241.5347
2015-05-17,1241.5347
2015-05-18,1242.3717
2015-05-19,1242.9118
2015-05-20,1240.71
2015-05-21,1241.5279
2015-05-22,1241.7566
2015-05-23,1241.7566
2015-05-24,1241.7566
2015-05-25,1242.6373
2015-05-26,1243.033
2015-05-27,1240.71
2015-05-28,1241.0269
2015-05-29,1241.4971
2015-05-30,1241.4971
2015-05-31,1241.4971
2015-06-01,1242.8945
2015-06-02,1242.9947
2015-06-03,1240.71
2015-06-04,1240.9841
2015-06-05,1241.2496
2015-06-06,1241.2496
2015-06-07,1241.2496
2015-06-08,1242.0925
2015-06-09,1242.298
2015-06-10,1240.71
2015-06-11,1240.9239
2015-06-12,1241.1281
2015-06-13,1241.1281
2015-06-14,1241.1281
2015-06-15,1241.9233
2015-06-16,1242.2153
2015-06-17,1240.71
2015-06-18,1241.069
2015-06-19,1241.5974
2015-06-20,1241.5974
2015-06-21,1241.5974
2015-06-22,1242.4475
2015-06-23,1242.7664
2015-06-24,1240.71
2015-06-25,1240.9164
2015-06-26,1241.2131
2015-06-27,1241.2131
2015-06-28,1241.2131
2015-06-29,1241.9296
2015-06-30,1242.4418
2015-07-01,1240.71
2015-07-02,1240.9551
2015-07-03,1241.3938
2015-07-04,1241.3938
2015-07-05,1241.3938
2015-07-06,1242.2484
2015-07-07,1242.5748
2015-07-08,1240.71
2015-07-09,1241.0088
2015-07-10,1241.2836
2015-07-11,1241.2836
2015-07-12,1241.2836
2015-07-13,1242.0747
2015-07-14,1242.5373
2015-07-15,1240.71
2015-07-16,1241.1689
2015-07-17,1241.5643
2015-07-18,1241.5643
2015-07-19,1241.5643
2015-07-20,1242.3721
2015-07-21,1242.8794
2015-07-22,1240.71
2015-07-23,1240.9545
2015-07-24,1241.2162
2015-07-25,1241.2162
2015-07-26,1241.2162
2015-07-27,1242.0654
2015-07-28,1242.5579
2015-07-29,1240.71
2015-07-30,1240.9973
2015-07-31,1241.3583
2015-08-01,1241.3583
2015-08-02,1241.3583
2015-08-03,1242.4536
2015-08-04,1242.7957
2015-08-05,1240.71
2015-08-06,1240.9344
2015-08-07,1241.19
2015-08-08,1241.19
2015-08-09,1241.19
2015-08-10,1241.9419
2015-08-11,1242.2494
2015-08-12,1240.71
2015-08-13,1240.98
2015-08-14,1241.2906
2015-08-15,1241.2906
2015-08-16,1241.2906
2015-08-17,1242.0345
2015-08-18,1242.0345
2015-08-19,1240.71
2015-08-20,1241.077
2015-08-21,1241.2235
2015-08-22,1241.2235
2015-08-23,1241.2235
2015-08-24,1241.5807
2015-08-25,1241.9542
2015-08-26,1240.71
2015-08-27,1241.121
2015-08-28,1241.3913
2015-08-29,1241.3913
2015-08-30,1241.3913
2015-08-31,1242.0429
2015-09-01,1242.2334
2015-09-02,1240.71
2015-09-03,1240.8356
2015-09-04,1241.0259
2015-09-05,1241.0259
2015-09-06,1241.0259
2015-09-07,1241.6675
2015-09-08,1241.8854
2015-09-09,1240.71
2015-09-10,1240.5553
2015-09-11,1240.8877
2015-09-12,1240.8877
2015-09-13,1240.8877
2015-09-14,1241.6225
2015-09-15,1241.8272
2015-09-16,1240.71
2015-09-17,1240.71
2015-09-18,1241.4904
2015-09-19,1241.4904
2015-09-20,1241.4904
2015-09-21,1242.2583
2015-09-22,1242.521
2015-09-23,1240.71
2015-09-24,1240.8587
2015-09-25,1240.8587
2015-09-26,1240.8587
2015-09-27,1240.8587
2015-09-28,1241.8593
2015-09-29,1244.1083
2015-09-30,1240.71
2015-10-01,1241.151
2015-10-02,1241.151
2015-10-03,1241.151
2015-10-04,1241.151
2015-10-05,1242.1112
2015-10-06,1242.4196
2015-10-07,1240.71
2015-10-08,1240.9519
2015-10-09,1241.2771
2015-10-10,1241.2771
2015-10-11,1241.2771
2015-10-12,1241.9811
2015-10-13,1242.217
2015-10-14,1240.71
2015-10-15,1240.9308
2015-10-16,1241.1763
2015-10-17,1241.1763
2015-10-18,1241.1763
2015-10-19,1241.9592
2015-10-20,1242.2186
2015-10-21,1240.71
2015-10-22,1240.71
2015-10-23,1241.3854
2015-10-24,1241.3854
2015-10-25,1241.3854
2015-10-26,1242.3555
2015-10-27,1242.5631
2015-10-28,1240.71
2015-10-29,1240.7667
2015-10-30,1241.0486
2015-10-31,1241.0486
2015-11-01,1241.0486
2015-11-02,1241.7159
2015-11-03,1242.008
2015-11-04,1240.71
2015-11-05,1240.7841
2015-11-06,1241.0405
2015-11-07,1241.0405
2015-11-08,1241.0405
2015-11-09,1241.6568
2015-11-10,1241.9268
2015-11-11,1241.9268
2015-11-12,1241.9268
2015-11-13,1240.71
2015-11-14,1240.71
2015-11-15,1240.71
2015-11-16,1241.4434
2015-11-17,1241.7028
2015-11-18,1240.71
2015-11-19,1240.9007
2015-11-20,1241.089
2015-11-21,1241.089
2015-11-22,1241.089
2015-11-23,1241.6744
2015-11-24,1241.9711
2015-11-25,1241.9711
2015-11-26,1240.71
2015-11-27,1240.8954
2015-11-28,1240.8954
2015-11-29,1240.8954
2015-11-30,1241.6444
2015-12-01,1241.8771
2015-12-02,1240.71
2015-12-03,1241.0695
2015-12-04,1241.2327
2015-12-05,1241.2327
2015-12-06,1241.2327
2015-12-07,1241.8371
2015-12-08,1242.0212
2015-12-09,1240.71
2015-12-10,1240.9313
2015-12-11,1241.1239
2015-12-12,1241.1239
2015-12-13,1241.1239
2015-12-14,1241.8319
2015-12-15,1242.0809
2015-12-16,1240.71
2015-12-17,1240.9602
2015-12-18,1241.2004
2015-12-19,1241.2004
2015-12-20,1241.2004
2015-12-21,1241.8627
2015-12-22,1242.1474
2015-12-23,1240.71
2015-12-24,1240.71
2015-12-25,1240.71
2015-12-26,1240.71
2015-12-27,1240.71
2015-12-28,1241.9981
2015-12-29,1242.3279
2015-12-30,1240.71
2015-12-31,1241.1267
2016-01-01,1241.45
2016-01-02,1241.45
2016-01-03,1241.45
2016-01-04,1242.2547
2016-01-05,1242.5033
2016-01-06,1240.71
2016-01-07,1240.9302
2016-01-08,1241.2712
2016-01-09,1241.2712
2016-01-10,1241.2712
2016-01-11,1242.0424
2016-01-12,1242.1817
2016-01-13,1240.71
2016-01-14,1240.8262
2016-01-15,1241.0388
2016-01-16,1241.0388
2016-01-17,1241.0388
2016-01-18,1241.7408
2016-01-19,1241.9003
2016-01-20,1240.71
2016-01-21,1241.0299
2016-01-22,1241.298
2016-01-23,1241.298
2016-01-24,1241.298
2016-01-25,1241.964
2016-01-26,1241.964
2016-01-27,1240.71
2016-01-28,1240.8991
2016-01-29,1241.0977
2016-01-30,1241.0977
2016-01-31,1241.0977
2016-02-01,1241.9277
2016-02-02,1242.1195
2016-02-03,1240.71
2016-02-04,1240.939
2016-02-05,1241.1669
2016-02-06,1241.1669
2016-02-07,1241.1669
2016-02-08,1241.9902
2016-02-09,1242.2571
2016-02-10,1240.71
2016-02-11,1240.9425
2016-02-12,1241.1184
2016-02-13,1241.1184
2016-02-14,1241.1184
2016-02-15,1241.8609
2016-02-16,1242.0288
2016-02-17,1240.71
2016-02-18,1240.9003
2016-02-19,1240.9003
2016-02-20,1240.9003
2016-02-21,1240.9003
2016-02-22,1241.8701
2016-02-23,1241.9386
2016-02-24,1240.71
2016-02-25,1240.766
2016-02-26,1240.892
2016-02-27,1240.892
2016-02-28,1240.892
2016-02-29,1242.1029
2016-03-01,1242.5048
2016-03-02,1240.71
2016-03-03,1240.9945
2016-03-04,1241.2224
2016-03-05,1241.2224
2016-03-06,1241.2224
2016-03-07,1241.2224
2016-03-08,1242.1589
2016-03-09,1240.71
2016-03-10,1240.9737
2016-03-11,1241.2657
2016-03-12,1241.2657
2016-03-13,1241.2657
2016-03-14,1242.5197
2016-03-15,1243.4505
2016-03-16,1240.71
2016-03-17,1241.514
2016-03-18,1241.9715
2016-03-19,1241.9715
2016-03-20,1241.9715
2016-03-21,1243.2385
2016-03-22,1243.4195
2016-03-23,1240.71
2016-03-24,1240.71
2016-03-25,1240.71
2016-03-26,1240.71
2016-03-27,1240.71
2016-03-28,1241.6756
2016-03-29,1242.0982
2016-03-30,1240.71
2016-03-31,1243.9352
2016-04-01,1243.9352
2016-04-02,1243.9352
2016-04-03,1243.9352
2016-04-04,1245.0386
2016-04-05,1245.43
2016-04-06,1240.71
2016-04-07,1241.4001
2016-04-08,1241.4001
2016-04-09,1241.4001
2016-04-10,1241.4001
2016-04-11,1242.3695
2016-04-12,1242.7584
2016-04-13,1240.71
2016-04-14,1240.71
2016-04-15,1240.71
2016-04-16,1240.71
2016-04-17,1240.71
2016-04-18,1241.7995
2016-04-19,1241.7995
2016-04-20,1240.71
2016-04-21,1240.8002
2016-04-22,1241.0373
2016-04-23,1241.0373
2016-04-24,1241.0373
2016-04-25,1241.6439
2016-04-26,1241.8321
2016-04-27,1240.71
2016-04-28,1240.9825
2016-04-29,1241.2419
2016-04-30,1241.2419
2016-05-01,1241.2419
2016-05-02,1241.9096
2016-05-03,1242.1255
2016-05-04,1240.71
2016-05-05,1240.9694
2016-05-06,1241.1594
2016-05-07,1241.1594
2016-05-08,1241.1594
2016-05-09,1241.8766
2016-05-10,1242.2198
2016-05-11,1240.71
2016-05-12,1241.1021
2016-05-13,1241.2726
2016-05-14,1241.2726
2016-05-15,1241.2726
2016-05-16,1242.0512
2016-05-17,1242.2718
2016-05-18,1240.71
2016-05-19,1240.9385
2016-05-20,1241.1633
2016-05-21,1241.1633
2016-05-22,1241.1633
2016-05-23,1241.8895
2016-05-24,1242.153
2016-05-25,1240.71
2016-05-26,1240.8872
2016-05-27,1241.1082
2016-05-28,1241.1082
2016-05-29,1241.1082
2016-05-30,1241.8651
2016-05-31,1242.0622
2016-06-01,1240.71
2016-06-02,1240.9595
2016-06-03,1241.2011
2016-06-04,1241.2011
2016-06-05,1241.2011
2016-06-06,1242.0616
2016-06-07,1242.4988
2016-06-08,1240.71
2016-06-09,1240.978
2016-06-10,1241.2696
2016-06-11,1241.2696
2016-06-12,1241.2696
2016-06-13,1241.9456
2016-06-14,1242.1478
2016-06-15,1240.71
2016-06-16,1241.0568
2016-06-17,1241.2707
2016-06-18,1241.2707
2016-06-19,1241.2707
2016-06-20,1241.9433
2016-06-21,1242.2356
2016-06-22,1240.71
2016-06-23,1240.9569
2016-06-24,1241.116
2016-06-25,1241.116
2016-06-26,1241.116
2016-06-27,1241.8597
2016-06-28,1242.0655
2016-06-29,1240.71
2016-06-30,1240.9611
2016-07-01,1241.4953
2016-07-02,1241.4953
2016-07-03,1241.4953
2016-07-04,1242.375
2016-07-05,1242.848
2016-07-06,1242.848
2016-07-07,1240.71
2016-07-08,1241.0823
2016-07-09,1241.0823
2016-07-10,1241.0823
2016-07-11,1242.1123
2016-07-12,1242.5818
2016-07-13,1240.71
2016-07-14,1240.9882
2016-07-15,1241.1862
2016-07-16,1241.1862
2016-07-17,1241.1862
2016-07-18,1241.8926
2016-07-19,1242.176
2016-07-20,1240.71
2016-07-21,1241.0173
2016-07-22,1241.2584
2016-07-23,1241.2584
2016-07-24,1241.2584
2016-07-25,1241.8867
2016-07-26,1242.235
2016-07-27,1240.71
2016-07-28,1241.0876
2016-07-29,1241.3777
2016-07-30,1241.3777
2016-07-31,1241.3777
2016-08-01,1242.1532
2016-08-02,1242.3029
2016-08-03,1240.71
2016-08-04,1241.0169
2016-08-05,1241.2221
2016-08-06,1241.2221
2016-08-07,1241.2221
2016-08-08,1241.7878
2016-08-09,1242.1504
2016-08-10,1240.71
2016-08-11,1240.9732
2016-08-12,1241.1819
2016-08-13,1241.1819
2016-08-14,1241.1819
2016-08-15,1241.1819
2016-08-16,1242.0015
2016-08-17,1242.0015
2016-08-18,1240.71
2016-08-19,1240.937
2016-08-20,1240.937
2016-08-21,1240.937
2016-08-22,1241.5426
2016-08-23,1241.7663
2016-08-24,1240.71
2016-08-25,1241.0731
2016-08-26,1241.3415
2016-08-27,1241.3415
2016-08-28,1241.3415
2016-08-29,1242.0193
2016-08-30,1242.2473
2016-08-31,1240.71
2016-09-01,1240.9638
2016-09-02,1241.2271
2016-09-03,1241.2271
2016-09-04,1241.2271
2016-09-05,1241.2271
2016-09-06,1242.187
2016-09-07,1240.71
2016-09-08,1240.9246
2016-09-09,1241.1789
2016-09-10,1241.1789
2016-09-11,1241.1789
2016-09-12,1241.7836
2016-09-13,1241.7836
2016-09-14,1240.71
2016-09-15,1240.9734
2016-09-16,1241.2025
2016-09-17,1241.2025
2016-09-18,1241.2025
2016-09-19,1241.9075
2016-09-20,1242.1693
2016-09-21,1240.71
2016-09-22,1241.1121
2016-09-23,1241.3785
2016-09-24,1241.3785
2016-09-25,1241.3785
2016-09-26,1242.3472
2016-09-27,1242.6514
2016-09-28,1240.71
2016-09-29,1240.7597
2016-09-30,1241.2694
2016-10-01,1241.2694
2016-10-02,1241.2694
2016-10-03,1242.0943
2016-10-04,1242.482
2016-10-05,1240.71
2016-10-06,1241.1544
2016-10-07,1241.2613
2016-10-08,1241.2613
2016-10-09,1241.2613
2016-10-10,1241.9327
2016-10-11,1241.9327
2016-10-12,1241.9327
2016-10-13,1240.71
2016-10-14,1240.7881
2016-10-15,1240.7881
2016-10-16,1240.7881
2016-10-17,1241.3505
2016-10-18,1241.415
2016-10-19,1240.71
2016-10-20,1240.9214
2016-10-21,1241.1287
2016-10-22,1241.1287
2016-10-23,1241.1287
2016-10-24,1241.7484
2016-10-25,1241.7961
2016-10-26,1240.71
2016-10-27,1240.8369
2016-10-28,1241.0235
2016-10-29,1241.0235
2016-10-30,1241.0235
2016-10-31,1241.0235
2016-11-01,1241.9044
2016-11-02,1240.71
2016-11-03,1240.8941
2016-11-04,1241.0952
2016-11-05,1241.0952
2016-11-06,1241.0952
2016-11-07,1241.7247
2016-11-08,1242.0324
2016-11-09,1240.71
2016-11-10,1241.1854
2016-11-11,1241.4065
2016-11-12,1241.4065
2016-11-13,1241.4065
2016-11-14,1241.4065
2016-11-15,1242.9714
2016-11-16,1240.71
2016-11-17,1240.9646
2016-11-18,1241.1547
2016-11-19,1241.1547
2016-11-20,1241.1547
2016-11-21,1242.279
2016-11-22,1242.6064
2016-11-23,1240.71
2016-11-24,1241.118
2016-11-25,1241.3027
2016-11-26,1241.3027
2016-11-27,1241.3027
2016-11-28,1241.3369
2016-11-29,1241.5334
2016-11-30,1240.71
2016-12-01,1241.0778
2016-12-02,1241.1352
2016-12-03,1241.1352
2016-12-04,1241.1352
2016-12-05,1241.7824
2016-12-06,1242.0134
2016-12-07,1240.71
2016-12-08,1240.3676
2016-12-09,1240.9869
2016-12-10,1240.9869
2016-12-11,1240.9869
2016-12-12,1240.9869
2016-12-13,1241.8331
2016-12-14,1240.71
2016-12-15,1240.8965
2016-12-16,1240.8737
2016-12-17,1240.8737
2016-12-18,1240.8737
2016-12-19,1241.4991
2016-12-20,1241.6553
2016-12-21,1240.71
2016-12-22,1240.8451
2016-12-23,1240.9497
2016-12-24,1240.9497
2016-12-25,1240.9497
2016-12-26,1241.402
2016-12-27,1241.6033
2016-12-28,1240.71
2016-12-29,1241.0585
2016-12-30,1241.4453
2016-12-31,1241.4453
2017-01-01,1241.4453
2017-01-02,1242.4291
2017-01-03,1242.7233
2017-01-04,1240.71
2017-01-05,1240.9365
2017-01-06,1241.1888
2017-01-07,1241.1888
2017-01-08,1241.1888
2017-01-09,1241.9143
2017-01-10,1242.2585
2017-01-11,1240.71
2017-01-12,1240.9854
2017-01-13,1241.1587
2017-01-14,1241.1587
2017-01-15,1241.1587
2017-01-16,1241.7287
2017-01-17,1241.9352
2017-01-18,1240.71
2017-01-19,1240.8784
2017-01-20,1241.1012
2017-01-21,1241.1012
2017-01-22,1241.1012
2017-01-23,1241.7098
2017-01-24,1241.8538
2017-01-25,1240.71
2017-01-26,1240.71
2017-01-27,1241.1125
2017-01-28,1241.1125
2017-01-29,1241.1125
2017-01-30,1241.7457
2017-01-31,1241.9252
2017-02-01,1240.71
2017-02-02,1240.8967
2017-02-03,1241.1231
2017-02-04,1241.1231
2017-02-05,1241.1231
2017-02-06,1241.8074
2017-02-07,1242.0204
2017-02-08,1240.71
2017-02-09,1240.9514
2017-02-10,1241.2496
2017-02-11,1241.2496
2017-02-12,1241.2496
2017-02-13,1241.8679
2017-02-14,1242.0825
2017-02-15,1240.71
2017-02-16,1241.0021
2017-02-17,1241.1909
2017-02-18,1241.1909
2017-02-19,1241.1909
2017-02-20,1241.804
2017-02-21,1241.804
2017-02-22,1240.71
2017-02-23,1240.9055
2017-02-24,1240.9055
2017-02-25,1240.9055
2017-02-26,1240.9055
2017-02-27,1241.8901
2017-02-28,1242.1326
2017-03-01,1240.71
2017-03-02,1240.9447
2017-03-03,1241.1556
2017-03-04,1241.1556
2017-03-05,1241.1556
2017-03-06,1241.7746
2017-03-07,1241.9915
2017-03-08,1240.71
2017-03-09,1240.8441
2017-03-10,1241.0405
2017-03-11,1241.0405
2017-03-12,1241.0405
2017-03-13,1241.0405
2017-03-14,1241.918
2017-03-15,1240.71
2017-03-16,1240.8925
2017-03-17,1241.088
2017-03-18,1241.088
2017-03-19,1241.088
2017-03-20,1241.7764
2017-03-21,1241.9911
2017-03-22,1240.71
2017-03-23,1240.9799
2017-03-24,1241.1376
2017-03-25,1241.1376
2017-03-26,1241.1376
2017-03-27,1241.7982
2017-03-28,1241.7982
2017-03-29,1240.71
2017-03-30,1240.9385
2017-03-31,1241.603
2017-04-01,1241.603
2017-04-02,1241.603
2017-04-03,1242.2078
2017-04-04,1242.2078
2017-04-05,1240.71
2017-04-06,1240.8871
2017-04-07,1241.0214
2017-04-08,1241.0214
2017-04-09,1241.0214
2017-04-10,1241.649
2017-04-11,1241.8971
2017-04-12,1240.71
2017-04-13,1240.9791
2017-04-14,1240.9791
2017-04-15,1240.9791
2017-04-16,1240.9791
2017-04-17,1241.8394
2017-04-18,1242.0434
2017-04-19,1240.71
2017-04-20,1240.9336
2017-04-21,1241.1433
2017-04-22,1241.1433
2017-04-23,1241.1433
2017-04-24,1241.773
2017-04-25,1241.9808
2017-04-26,1240.71
2017-04-27,1240.9231
2017-04-28,1241.1164
2017-04-29,1241.1164
2017-04-30,1241.1164
2017-05-01,1241.1164
2017-05-02,1241.9271
2017-05-03,1240.71
2017-05-04,1240.9328
2017-05-05,1241.1082
2017-05-06,1241.1082
2017-05-07,1241.1082
2017-05-08,1241.7176
2017-05-09,1241.903
2017-05-10,1241.903
2017-05-11,1240.71
2017-05-12,1240.893
2017-05-13,1240.893
2017-05-14,1240.893
2017-05-15,1241.5547
2017-05-16,1241.7623
2017-05-17,1240.71
2017-05-18,1240.93
2017-05-19,1241.1343
2017-05-20,1241.1343
2017-05-21,1241.1343
2017-05-22,1241.7879
2017-05-23,1242.0227
2017-05-24,1240.71
2017-05-25,1240.9092
2017-05-26,1241.1395
2017-05-27,1241.1395
2017-05-28,1241.1395
2017-05-29,1241.7612
2017-05-30,1241.9796
2017-05-31,1240.71
2017-06-01,1240.952
2017-06-02,1241.1614
2017-06-03,1241.1614
2017-06-04,1241.1614
2017-06-05,1241.7991
2017-06-06,1242.0175
2017-06-07,1240.71
2017-06-08,1240.981
2017-06-09,1241.2052
2017-06-10,1241.2052
2017-06-11,1241.2052
2017-06-12,1241.8288
2017-06-13,1242.0828
2017-06-14,1240.71
2017-06-15,1240.9365
2017-06-16,1241.1536
2017-06-17,1241.1536
2017-06-18,1241.1536
2017-06-19,1241.7819
2017-06-20,1241.9751
2017-06-21,1240.71
2017-06-22,1240.9415
2017-06-23,1241.1496
2017-06-24,1241.1496
2017-06-25,1241.1496
2017-06-26,1241.1496
2017-06-27,1241.9784
2017-06-28,1240.71
2017-06-29,1240.8965
2017-06-30,1241.0994
2017-07-01,1241.0994
2017-07-02,1241.0994
2017-07-03,1241.6768
2017-07-04,1241.885
2017-07-05,1240.71
2017-07-06,1240.9654
2017-07-07,1241.2214
2017-07-08,1241.2214
2017-07-09,1241.2214
2017-07-10,1241.838
2017-07-11,1242.061
2017-07-12,1240.71
2017-07-13,1240.9461
2017-07-14,1241.1705
2017-07-15,1241.1705
2017-07-16,1241.1705
2017-07-17,1241.7955
2017-07-18,1242.0043
2017-07-19,1240.71
2017-07-20,1240.9589
2017-07-21,1241.1697
2017-07-22,1241.1697
2017-07-23,1241.1697
2017-07-24,1241.7985
2017-07-25,1241.9944
2017-07-26,1240.71
2017-07-27,1240.9193
2017-07-28,1241.1371
2017-07-29,1241.1371
2017-07-30,1241.1371
2017-07-31,1241.7626
2017-08-01,1241.9655
2017-08-02,1240.71
2017-08-03,1240.9415
2017-08-04,1241.1566
2017-08-05,1241.1566
2017-08-06,1241.1566
2017-08-07,1241.7712
2017-08-08,1241.9749
2017-08-09,1240.71
2017-08-10,1240.9214
2017-08-11,1241.1022
2017-08-12,1241.1022
2017-08-13,1241.1022
2017-08-14,1241.7468
2017-08-15,1241.7468
2017-08-16,1240.71
2017-08-17,1240.71
2017-08-18,1241.1145
2017-08-19,1241.1145
2017-08-20,1241.1145
2017-08-21,1241.7241
2017-08-22,1241.9323
2017-08-23,1240.71
2017-08-24,1240.9057
2017-08-25,1240.9057
2017-08-26,1240.9057
2017-08-27,1240.9057
2017-08-28,1241.7395
2017-08-29,1241.9517
2017-08-30,1240.71
2017-08-31,1240.9339
2017-09-01,1241.1361
2017-09-02,1241.1361
2017-09-03,1241.1361
2017-09-04,1241.7443
2017-09-05,1241.9483
2017-09-06,1240.71
2017-09-07,1240.9173
2017-09-08,1241.1204
2017-09-09,1241.1204
2017-09-10,1241.1204
2017-09-11,1241.7312
2017-09-12,1241.9371
2017-09-13,1240.71
2017-09-14,1240.913
2017-09-15,1241.1261
2017-09-16,1241.1261
2017-09-17,1241.1261
2017-09-18,1241.7481
2017-09-19,1241.9391
2017-09-20,1240.71
2017-09-21,1240.8828
2017-09-22,1241.0806
2017-09-23,1241.0806
2017-09-24,1241.0806
2017-09-25,1241.7171
2017-09-26,1241.9245
2017-09-27,1240.71
2017-09-28,1240.9324
2017-09-29,1241.1557
2017-09-30,1241.1557
2017-10-01,1241.1557
2017-10-02,1241.1557
2017-10-03,1242.0292
2017-10-04,1240.71
2017-10-05,1240.882
2017-10-06,1241.069
2017-10-07,1241.069
2017-10-08,1241.069
2017-10-09,1241.6935
2017-10-10,1241.9137
2017-10-11,1240.71
2017-10-12,1240.9099
2017-10-13,1241.1229
2017-10-14,1241.1229
2017-10-15,1241.1229
2017-10-16,1241.7276
2017-10-17,1241.9755
2017-10-18,1240.71
2017-10-19,1240.71
2017-10-20,1240.71
2017-10-21,1240.71
2017-10-22,1240.71
2017-10-23,1241.7222
2017-10-24,1241.9071
2017-10-25,1240.71
2017-10-26,1240.8999
2017-10-27,1241.095
2017-10-28,1241.095
2017-10-29,1241.095
2017-10-30,1241.6906
2017-10-31,1241.9075
2017-11-01,1240.71
2017-11-02,1240.939
2017-11-03,1241.1511
2017-11-04,1241.1511
2017-11-05,1241.1511
2017-11-06,1241.7708
2017-11-07,1241.9703
2017-11-08,1240.71
2017-11-09,1240.9135
2017-11-10,1241.1152
2017-11-11,1241.1152
2017-11-12,1241.1152
2017-11-13,1241.7263
2017-11-14,1241.9239
2017-11-15,1240.71
2017-11-16,1240.8933
2017-11-17,1241.1006
2017-11-18,1241.1006
2017-11-19,1241.1006
2017-11-20,1241.7213
2017-11-21,1241.943
2017-11-22,1240.71
2017-11-23,1240.9204
2017-11-24,1241.1259
2017-11-25,1241.1259
2017-11-26,1241.1259
2017-11-27,1241.7254
2017-11-28,1241.9265
2017-11-29,1240.71
2017-11-30,1240.916
2017-12-01,1240.916
2017-12-02,1240.916
2017-12-03,1240.916
2017-12-04,1241.7142
2017-12-05,1241.9151
2017-12-06,1240.71
2017-12-07,1240.9229
2017-12-08,1241.1242
2017-12-09,1241.1242
2017-12-10,1241.1242
2017-12-11,1241.7237
2017-12-12,1241.9227
2017-12-13,1240.71
2017-12-14,1240.9163
2017-12-15,1241.1157
2017-12-16,1241.1157
2017-12-17,1241.1157
2017-12-18,1241.7229
2017-12-19,1241.9176
2017-12-20,1240.71
2017-12-21,1240.8959
2017-12-22,1241.0948
2017-12-23,1241.0948
2017-12-24,1241.0948
2017-12-25,1241.0948
2017-12-26,1241.9119
2017-12-27,1240.71
2017-12-28,1240.939
2017-12-29,1241.1896
2017-12-30,1241.1896
2017-12-31,1241.1896
2018-01-01,1241.8086
2018-01-02,1242.0074
2018-01-03,1240.71
2018-01-04,1240.9032
2018-01-05,1241.0545
2018-01-06,1241.0545
2018-01-07,1241.0545
2018-01-08,1241.73
2018-01-09,1241.9385
2018-01-10,1240.71
2018-01-11,1240.9215
2018-01-12,1241.1216
2018-01-13,1241.1216
2018-01-14,1241.1216
2018-01-15,1241.7422
2018-01-16,1241.9501
2018-01-17,1240.71
2018-01-18,1240.917
2018-01-19,1241.1249
2018-01-20,1241.1249
2018-01-21,1241.1249
2018-01-22,1241.7482
2018-01-23,1241.9554
2018-01-24,1240.71
2018-01-25,1240.9151
2018-01-26,1240.9151
2018-01-27,1240.9151
2018-01-28,1240.9151
2018-01-29,1241.7395
2018-01-30,1241.9364
2018-01-31,1240.71
2018-02-01,1240.9142
2018-02-02,1241.1261
2018-02-03,1241.1261
2018-02-04,1241.1261
2018-02-05,1241.7312
2018-02-06,1241.9418
2018-02-07,1240.71
2018-02-08,1240.914
2018-02-09,1241.1171
2018-02-10,1241.1171
2018-02-11,1241.1171
2018-02-12,1241.7348
2018-02-13,1241.7348
2018-02-14,1240.71
2018-02-15,1240.9182
2018-02-16,1241.1235
2018-02-17,1241.1235
2018-02-18,1241.1235
2018-02-19,1241.1235
2018-02-20,1241.9573
2018-02-21,1240.71
2018-02-22,1240.9187
2018-02-23,1241.1274
2018-02-24,1241.1274
2018-02-25,1241.1274
2018-02-26,1241.7545
2018-02-27,1241.9725
2018-02-28,1240.71
2018-03-01,1240.9323
2018-03-02,1240.9323
2018-03-03,1240.9323
2018-03-04,1240.9323
2018-03-05,1241.7688
2018-03-06,1241.9764
2018-03-07,1240.71
2018-03-08,1240.9204
2018-03-09,1241.1335
2018-03-10,1241.1335
2018-03-11,1241.1335
2018-03-12,1241.7733
2018-03-13,1241.9835
2018-03-14,1240.71
2018-03-15,1240.9258
2018-03-16,1241.1471
2018-03-17,1241.1471
2018-03-18,1241.1471
2018-03-19,1241.7989
2018-03-20,1242.0134
2018-03-21,1240.71
2018-03-22,1240.9061
2018-03-23,1241.0667
2018-03-24,1241.0667
2018-03-25,1241.0667
2018-03-26,1241.7305
2018-03-27,1241.9265
2018-03-28,1240.71
2018-03-29,1240.71
2018-03-30,1240.71
2018-03-31,1240.71
2018-04-01,1240.71
2018-04-02,1240.71
2018-04-03,1242.125
2018-04-04,1240.71
2018-04-05,1240.9316
2018-04-06,1241.1648
2018-04-07,1241.1648
2018-04-08,1241.1648
2018-04-09,1241.8189
2018-04-10,1242.0363
2018-04-11,1240.71
2018-04-12,1240.9298
2018-04-13,1241.1465
2018-04-14,1241.1465
2018-04-15,1241.1465
2018-04-16,1241.7942
2018-04-17,1242.0094
2018-04-18,1240.71
2018-04-19,1240.9306
2018-04-20,1241.1521
2018-04-21,1241.1521
2018-04-22,1241.1521
2018-04-23,1241.8155
2018-04-24,1242.0328
2018-04-25,1240.71
2018-04-26,1240.9316
2018-04-27,1241.1505
2018-04-28,1241.1505
2018-04-29,1241.1505
2018-04-30,1241.1505
2018-05-01,1241.1505
2018-05-02,1240.71
2018-05-03,1240.9277
2018-05-04,1241.1429
2018-05-05,1241.1429
2018-05-06,1241.1429
2018-05-07,1241.7894
2018-05-08,1242.0054
2018-05-09,1240.71
2018-05-10,1240.9255
2018-05-11,1241.1399
2018-05-12,1241.1399
2018-05-13,1241.1399
2018-05-14,1241.7823
2018-05-15,1241.9969
2018-05-16,1240.71
2018-05-17,1240.9373
2018-05-18,1241.1503
2018-05-19,1241.1503
2018-05-20,1241.1503
2018-05-21,1241.8208
2018-05-22,1242.0338
2018-05-23,1240.71
2018-05-24,1241.1145
2018-05-25,1241.2659
2018-05-26,1241.2659
2018-05-27,1241.2659
2018-05-28,1241.8253
2018-05-29,1242.1018
2018-05-30,1240.71
2018-05-31,1240.9269
2018-06-01,1241.2318
2018-06-02,1241.2318
2018-06-03,1241.2318
2018-06-04,1241.8116
2018-06-05,1242.0181
2018-06-06,1240.71
2018-06-07,1240.9242
2018-06-08,1241.1355
2018-06-09,1241.1355
2018-06-10,1241.1355
2018-06-11,1241.7745
2018-06-12,1241.9884
2018-06-13,1240.71
2018-06-14,1240.8718
2018-06-15,1241.1053
2018-06-16,1241.1053
2018-06-17,1241.1053
2018-06-18,1241.7851
2018-06-19,1242.0105
2018-06-20,1240.71
2018-06-21,1240.9473
2018-06-22,1241.1772
2018-06-23,1241.1772
2018-06-24,1241.1772
2018-06-25,1241.8682
2018-06-26,1242.0969
2018-06-27,1240.71
2018-06-28,1240.9248
2018-06-29,1241.1555
2018-06-30,1241.1555
2018-07-01,1241.1555
2018-07-02,1241.815
2018-07-03,1242.0442
2018-07-04,1240.71
2018-07-05,1240.9378
2018-07-06,1241.1665
2018-07-07,1241.1665
2018-07-08,1241.1665
2018-07-09,1241.853
2018-07-10,1242.0834
2018-07-11,1240.71
2018-07-12,1240.9262
2018-07-13,1241.1542
2018-07-14,1241.1542
2018-07-15,1241.1542
2018-07-16,1241.8357
2018-07-17,1242.0624
2018-07-18,1240.71
2018-07-19,1240.9271
2018-07-20,1241.1572
2018-07-21,1241.1572
2018-07-22,1241.1572
2018-07-23,1241.8532
2018-07-24,1242.0836
2018-07-25,1240.71
2018-07-26,1240.8276
2018-07-27,1241.1094
2018-07-28,1241.1094
2018-07-29,1241.1094
2018-07-30,1241.7967
2018-07-31,1242.0146
